earthx,earthy,jwx,jwy
0.000000,0.000000,-1500000000.000000,0.000000
6673.323860,44681549.335609,-1499993259.220589,45129565.899493
26693.294846,89363094.684872,-1499973036.882957,90259127.772344
60059.911171,134044632.061443,-1499939332.988904,135388681.591914
106773.169860,178726157.478976,-1499892147.541436,180518223.331562
166833.066746,223407666.951129,-1499831480.544759,225647748.964648
240239.596473,268089156.491558,-1499757332.004279,270777254.464537
326992.752493,312770622.113922,-1499669701.926608,315906735.804592
427092.527069,357452059.831883,-1499568590.319555,361036188.958179
540538.911272,402133465.659105,-1499453997.192132,406165609.898667
667331.894984,446814835.609254,-1499325922.554555,451294994.599428
807471.466896,491496165.695999,-1499184366.418238,496424339.033837
960957.614509,536177451.933015,-1499029328.795800,541553639.175272
1127790.324134,580858690.333979,-1498860809.701060,586682890.997117
1307969.580890,625539876.912571,-1498678809.149039,631812090.472757
1501495.368707,670221007.682480,-1498483327.155959,676941233.575586
1708367.670323,714902078.657395,-1498274363.739244,722070316.278998
1928586.467289,759583085.851012,-1498051918.917522,767199334.556395
2162151.739961,804264025.277035,-1497815992.710618,812328284.381186
2409063.467509,848944892.949171,-1497566585.139561,857457161.726784
2669321.627909,893625684.881135,-1497303696.226584,902585962.566609
2942926.197949,938306397.086648,-1497027325.995118,947714682.874088
3229877.153225,982987025.579438,-1496737474.469797,992843318.622655
3530174.468145,1027667566.373242,-1496434141.676459,1037971865.785751
3843818.115923,1072348015.481804,-1496117327.642140,1083100320.336827
4170808.068587,1117028368.918876,-1495787032.395077,1128228678.249340
4511144.296970,1161708622.698216,-1495443255.964715,1173356935.496756
4864826.770718,1206388772.833596,-1495085998.381695,1218485088.052551
5231855.458286,1251068815.338793,-1494715259.677860,1263613131.890209
5612230.326938,1295748746.227596,-1494331039.886255,1308741062.983224
6005951.342747,1340428561.513803,-1493933339.041129,1353868877.305099
6413018.470597,1385108257.211222,-1493522157.177931,1398996570.829352
6833431.674181,1429787829.333673,-1493097494.333309,1444124139.529506
7267190.916001,1474467273.894984,-1492659350.545119,1489251579.379098
7714296.157371,1519146586.908999,-1492207725.852412,1534378886.351676
8174747.358412,1563825764.389570,-1491742620.295445,1579506056.420799
8648544.478055,1608504802.350563,-1491264033.915675,1624633085.560041
9135687.474043,1653183696.805853,-1490771966.755760,1669759969.742983
9636176.302926,1697862443.769334,-1490266418.859560,1714886704.943225
10150010.920064,1742541039.254908,-1489747390.272138,1760013287.134377
10677191.279629,1787219479.276491,-1489214881.039757,1805139712.290063
11217717.334600,1831897759.848015,-1488668891.209881,1850265976.383921
11771589.036767,1876575876.983427,-1488109420.831177,1895392075.389604
12338806.336729,1921253826.696685,-1487536469.953514,1940518005.280778
12919369.183895,1965931605.001763,-1486950038.627962,1985643762.031126
13513277.526484,2010609207.912653,-1486350126.906792,2030769341.614347
14120531.311525,2055286631.443359,-1485736734.843477,2075894740.004152
14741130.484855,2099963871.607903,-1485109862.492691,2121019953.174271
15375074.991122,2144640924.420323,-1484469509.910311,2166144977.098451
16022364.773785,2189317785.894673,-1483815677.153415,2211269807.750453
16682999.775110,2233994452.045027,-1483148364.280280,2256394441.104059
17356979.936174,2278670918.885472,-1482467571.350389,2301518873.133066
18044305.196864,2323347182.430116,-1481773298.424423,2346643099.811287
18744975.495876,2368023238.693083,-1481065545.564266,2391767117.112558
19458990.770717,2412699083.688519,-1480344312.833004,2436890921.010730
20186350.957702,2457374713.430583,-1479609600.294923,2482014507.479675
20927055.991958,2502050123.933458,-1478861408.015512,2527137872.493284
21681105.807419,2546725311.211344,-1478099736.061461,2572261012.025466
22448500.336831,2591400271.278464,-1477324584.500661,2617383922.050153
23229239.511749,2636075000.149058,-1476535953.402205,2662506598.541295
24023323.262537,2680749493.837387,-1475733842.836387,2707629037.472863
24830751.518370,2725423748.357735,-1474918252.874704,2752751234.818848
25651524.207232,2770097759.724406,-1474089183.589854,2797873186.553267
26485641.255918,2814771523.951726,-1473246635.055734,2842994888.650154
27333102.590030,2859445037.054039,-1472390607.347445,2888116337.083568
28193908.133984,2904118295.045719,-1471521100.541289,2933237527.827589
29068057.811002,2948791293.941160,-1470638114.714769,2978358456.856321
29955551.543117,2993464029.754777,-1469741649.946589,3023479120.143892
30856389.251173,3038136498.501008,-1468831706.316658,3068599513.664451
31770570.854823,3082808696.194318,-1467908283.906081,3113719633.392172
32698096.272530,3127480618.849193,-1466971382.797168,3158839475.301254
33638965.421565,3172152262.480144,-1466021003.073428,3203959035.365921
34593178.218012,3216823623.101711,-1465057144.819574,3249078309.560421
35560734.576763,3261494696.728455,-1464079808.121520,3294197293.859029
36541634.411520,3306165479.374962,-1463088993.066380,3339315984.236044
37535877.634796,3350835967.055848,-1462084699.742470,3384434376.665793
38543464.157911,3395506155.785750,-1461066928.239306,3429552467.122626
39564393.890999,3440176041.579337,-1460035678.647608,3474670251.580925
40598666.743001,3484845620.451302,-1458990951.059297,3519787726.015094
41646282.621668,3529514888.416365,-1457932745.567493,3564904886.399568
42707241.433562,3574183841.489275,-1456861062.266521,3610021728.708809
43781543.084055,3618852475.684807,-1455775901.251903,3655138248.917307
44869187.477328,3663520787.017772,-1454677262.620366,3700254442.999581
45970174.516372,3708188771.502997,-1453565146.469837,3745370306.930179
47084504.102989,3752856425.155346,-1452439552.899443,3790485836.683681
48212176.137791,3797523743.989716,-1451300482.009513,3835601028.234687
49353190.520197,3842190724.021026,-1450147933.901580,3880715877.557839
50507547.148440,3886857361.264230,-1448981908.678374,3925830380.627803
51675245.919561,3931523651.734311,-1447802406.443830,3970944533.419279
52856286.729411,3976189591.446281,-1446609427.303082,4016058331.906993
54050669.472651,4020855176.415187,-1445402971.362465,4061171772.065709
55258394.042752,4065520402.656106,-1444183038.729518,4106284849.870215
56479460.331996,4110185266.184146,-1442949629.512978,4151397561.295342
57713868.231474,4154849763.014450,-1441702743.822784,4196509902.315944
58961617.631088,4199513889.162189,-1440442381.770080,4241621868.906913
60222708.419548,4244177640.642571,-1439168543.467204,4286733457.043171
61497140.484376,4288841013.470837,-1437881229.027702,4331844662.699679
62784913.711903,4333504003.662262,-1436580438.566317,4376955481.851424
64086027.987272,4378166607.232153,-1435266172.198997,4422065910.473431
65400483.194434,4422828820.195852,-1433938430.042885,4467175944.540764
66728279.216150,4467490638.568737,-1432597212.216332,4512285580.028520
68069415.933993,4512152058.366220,-1431242518.838887,4557394812.911822
69423893.228344,4556813075.603752,-1429874350.031298,4602503639.165848
70791710.978397,4601473686.296816,-1428492705.915519,4647612054.765791
72172869.062152,4646133886.460932,-1427097586.614701,4692720055.686894
73567367.356422,4690793672.111654,-1425688992.253198,4737827637.904435
74975205.736831,4735453039.264580,-1424266922.956564,4782934797.393724
76396384.077810,4780111983.935339,-1422831378.851557,4828041530.130117
77830902.252603,4824770502.139602,-1421382360.066132,4873147832.088998
79278760.133263,4869428589.893071,-1419919866.729448,4918253699.245797
80739957.590654,4914086243.211495,-1418443898.971863,4963359127.575981
82214494.494448,4958743458.110661,-1416954456.924937,5008464113.055057
83702370.713131,5003400230.606386,-1415451540.721433,5053568651.658563
85203586.113995,5048056556.714533,-1413935150.495311,5098672739.362087
86718140.563146,5092712432.451008,-1412405286.381734,5143776372.141254
88246033.925497,5137367853.831752,-1410861948.517068,5188879545.971726
89787266.064775,5182022816.872745,-1409305137.038877,5233982256.829212
91341836.843513,5226677317.590014,-1407734852.085926,5279084500.689453
92909746.123058,5271331351.999621,-1406151093.798185,5324186273.528243
94490993.763565,5315984916.117680,-1404553862.316818,5369287571.321410
96085579.624001,5360638005.960330,-1402943157.784197,5414388390.044825
97693503.562141,5405290617.543767,-1401318980.343890,5459488725.674406
99314765.434574,5449942746.884225,-1399681330.140669,5504588574.186110
100949365.096695,5494594389.997977,-1398030207.320505,5549687931.555939
102597302.402713,5539245542.901345,-1396365612.030571,5594786793.759932
104258577.205646,5583896201.610691,-1394687544.419239,5639885156.774184
105933189.357321,5628546362.142425,-1392996004.636085,5684983016.574825
107621138.708379,5673196020.512995,-1391290992.831883,5730080369.138036
109322425.108268,5717845172.738899,-1389572509.158608,5775177210.440034
111037048.405247,5762493814.836679,-1387840553.769439,5820273536.457093
112765008.446387,5807141942.822925,-1386095126.818752,5865369343.165527
114506305.077569,5851789552.714264,-1384336228.462124,5910464626.541699
116260938.143484,5896436640.527382,-1382563858.856336,5955559382.562013
118028907.487633,5941083202.278999,-1380778018.159368,6000653607.202920
119810212.952329,5985729233.985892,-1378978706.530399,6045747296.440923
121604854.378694,6030374731.664878,-1377165924.129811,6090840446.252572
123412831.606661,6075019691.332826,-1375339671.119186,6135933052.614466
125234144.474975,6119664109.006649,-1373499947.661308,6181025111.503246
127068792.821189,6164307980.703315,-1371646753.920159,6226116618.895603
128916776.481668,6208951302.439831,-1369780090.060923,6271207570.768290
130778095.291589,6253594070.233262,-1367899956.249985,6316297963.098091
132652749.084936,6298236280.100720,-1366006352.654931,6361387791.861853
134540737.694508,6342877928.059362,-1364099279.444547,6406477053.036462
136442060.951911,6387519010.126407,-1362178736.788819,6451565742.598866
138356718.687564,6432159522.319105,-1360244724.858933,6496653856.526056
140284710.730695,6476799460.654775,-1358297243.827278,6541741390.795075
142226036.909344,6521438821.150778,-1356336293.867443,6586828341.383026
144180697.050360,6566077599.824528,-1354361875.154216,6631914704.267048
146148690.979406,6610715792.693491,-1352373987.863587,6677000475.424346
148130018.520952,6655353395.775187,-1350372632.172745,6722085650.832174
150124679.498281,6699990405.087187,-1348357808.260080,6767170226.467835
152132673.733485,6744626816.647115,-1346329516.305186,6812254198.308687
154154001.047470,6789262626.472647,-1344287756.488853,6857337562.332147
156188661.259949,6833897830.581515,-1342232528.993072,6902420314.515681
158236654.189449,6878532424.991507,-1340163834.001036,6947502450.836805
160297979.653305,6923166405.720461,-1338081671.697137,6992583967.273103
162372637.467665,6967799768.786270,-1335986042.266968,7037664859.802202
164460627.447488,7012432510.206882,-1333876945.897326,7082745124.401786
166561949.406541,7057064626.000305,-1331754382.776201,7127824757.049602
168676603.157405,7101696112.184596,-1329618353.092788,7172903753.723448
170804588.511470,7146326964.777871,-1327468857.037483,7217982110.401178
172945905.278939,7190957179.798306,-1325305894.801881,7263059823.060708
175100553.268825,7235586753.264131,-1323129466.578776,7308136887.680002
177268532.288949,7280215681.193631,-1320939572.562164,7353213300.237086
179449842.145949,7324843959.605152,-1318736212.947242,7398289056.710048
181644482.645268,7369471584.517096,-1316519387.930403,7443364153.077030
183852453.591164,7414098551.947922,-1314289097.709248,7488438585.316235
186073754.786704,7458724857.916152,-1312045342.482570,7533512349.405922
188308386.033768,7503350498.440359,-1309788122.450368,7578585441.324414
190556347.133044,7547975469.539186,-1307517437.813837,7623657857.050091
192817637.884034,7592599767.231329,-1305233288.775375,7668729592.561393
195092258.085050,7637223387.535545,-1302935675.538579,7713800643.836823
197380207.533216,7681846326.470655,-1300624598.308248,7758871006.854936
199681486.024464,7726468580.055532,-1298300057.290377,7803940677.594359
201996093.353541,7771090144.309115,-1295962052.692166,7849009652.033778
204324029.314003,7815711015.250410,-1293610584.722012,7894077926.151937
206665293.698219,7860331188.898479,-1291245653.589512,7939145495.927643
209019886.297366,7904950661.272445,-1288867259.505464,7984212357.339771
211387806.901436,7949569428.391495,-1286475402.681866,8029278506.367251
213769055.299230,7994187486.274879,-1284070083.331916,8074343938.989088
216163631.278361,8038804830.941913,-1281651301.670012,8119408651.184334
218571534.625252,8083421458.411969,-1279219057.911751,8164472638.932124
220992765.125140,8128037364.704496,-1276773352.273933,8209535898.211637
223427322.562070,8172652545.838993,-1274314184.974552,8254598425.002135
225875206.718901,8217266997.835033,-1271841556.232808,8299660215.282936
228336417.377303,8261880716.712248,-1269355466.269099,8344721265.033424
230810954.317756,8306493698.490340,-1266855915.305020,8389781570.233052
233298817.319552,8351105939.189076,-1264342903.563369,8434841126.861335
235800006.160795,8395717434.828288,-1261816431.268145,8479899930.897854
238314520.618401,8440328181.427873,-1259276498.644542,8524957978.322263
240842360.468095,8484938175.007796,-1256723105.918959,8570015265.114283
243383525.484416,8529547411.588094,-1254156253.318991,8615071787.253693
245938015.440713,8574155887.188857,-1251575941.073436,8660127540.720345
248505830.109148,8618763597.830265,-1248982169.412287,8705182521.494173
251086969.260692,8663370539.532539,-1246374938.566741,8750236725.555161
253681432.665131,8707976708.315998,-1243754248.769192,8795290148.883360
256289220.091060,8752582100.201008,-1241120100.253237,8840342787.458914
258910331.305886,8797186711.208014,-1238472493.253670,8885394637.262011
261544766.075828,8841790537.357534,-1235811428.006485,8930445694.272917
264192524.165918,8886393574.670137,-1233136904.748875,8975495954.471985
266853605.339997,8930995819.166483,-1230448923.719234,9020545413.839613
269528009.360719,8975597266.867287,-1227747485.157155,9065594068.356295
272215735.989550,9020197913.793356,-1225032589.303431,9110641914.002569
274916784.986768,9064797755.965551,-1222304236.400054,9155688946.759068
277631156.111462,9109396789.404812,-1219562426.690213,9200735162.606495
280358849.121532,9153995010.132135,-1216807160.418302,9245780557.525604
283099863.773692,9198592414.168619,-1214038437.829910,9290825127.497253
285854199.823466,9243188997.535408,-1211256259.171828,9335868868.502354
288621857.025191,9287784756.253735,-1208460624.692043,9380911776.521889
291402835.132015,9332379686.344887,-1205651534.639746,9425953847.536934
294197133.895898,9376973783.830252,-1202828989.265324,9470995077.528618
297004753.067612,9421567044.731283,-1199992988.820365,9516035462.478153
299825692.396742,9466159465.069504,-1197143533.557655,9561074998.366833
302659951.631683,9510751040.866507,-1194280623.731179,9606113681.176022
305507530.519643,9555341768.143967,-1191404259.596125,9651151506.887159
308368428.806643,9599931642.923635,-1188514441.408876,9696188471.481760
311242646.237514,9644520661.227329,-1185611169.427016,9741224570.941418
314130182.555900,9689108819.076971,-1182694443.909328,9786259801.247805
317031037.504257,9733696112.494520,-1179764265.115794,9831294158.382660
319945210.823854,9778282537.502045,-1176820633.307594,9876327638.327808
322872702.254770,9822868090.121674,-1173863548.747111,9921360237.065151
325813511.535899,9867452766.375610,-1170893011.697922,9966391950.576679
328767638.404945,9912036562.286158,-1167909022.424808,10011422774.844440
331735082.598424,9956619473.875675,-1164911581.193746,10056452705.850573
334715843.851666,10001201497.166611,-1161900688.271911,10101481739.577305
337709921.898811,10045782628.181492,-1158876343.927680,10146509872.006924
340717316.472813,10090362862.942923,-1155838548.430630,10191537099.121819
343738027.305439,10134942197.473587,-1152787302.051534,10236563416.904436
346772054.127265,10179520627.796247,-1149722605.062362,10281588821.337330
349819396.667683,10224098149.933756,-1146644457.736287,10326613308.403103
352880054.654894,10268674759.909035,-1143552860.347681,10371636874.084465
355954027.815914,10313250453.745094,-1140447813.172112,10416659514.364197
359041315.876571,10357825227.465027,-1137329316.486348,10461681225.225168
362141918.561504,10402399077.092001,-1134197370.568358,10506702002.650328
365255835.594166,10446971998.649271,-1131051975.697306,10551721842.622707
368383066.696821,10491543988.160175,-1127893132.153557,10596740741.125422
371523611.590546,10536115041.648134,-1124720840.218675,10641758694.141665
374677469.995232,10580685155.136652,-1121535100.175423,10686775697.654722
377844641.629581,10625254324.649317,-1118335912.307760,10731791747.647961
381025126.211107,10669822546.209793,-1115123276.900847,10776806840.104837
384218923.456139,10714389815.841839,-1111897194.241042,10821820971.008896
387426033.079816,10758956129.569302,-1108657664.615901,10866834136.343739
390646454.796090,10803521483.416103,-1105404688.314181,10911846332.093084
393880188.317728,10848085873.406250,-1102138265.625834,10956857554.240726
397127233.356308,10892649295.563850,-1098858396.842015,11001867798.770550
400387589.622221,10937211745.913082,-1095565082.255073,11046877061.666521
403661256.824669,10981773220.478218,-1092258322.158558,11091885338.912691
406948234.671670,11026333715.283615,-1088938116.847220,11136892626.493204
410248522.870052,11070893226.353714,-1085604466.617003,11181898920.392298
413562121.125458,11115451749.713051,-1082257371.765054,11226904216.594282
416889029.142342,11160009281.386240,-1078896832.589714,11271908511.083572
420229246.623972,11204565817.397999,-1075522849.390527,11316911799.844662
423582773.272429,11249121353.773121,-1072135422.468231,11361914078.862143
426949608.788607,11293675886.536493,-1068734552.124766,11406915344.120687
430329752.872211,11338229411.713091,-1065320238.663269,11451915591.605066
433723205.221761,11382781925.327978,-1061892482.388074,11496914817.300127
437129965.534591,11427333423.406322,-1058451283.604714,11541913017.190821
440550033.506844,11471883901.973360,-1054996642.619920,11586910187.262194
443983408.833481,11516433357.054434,-1051528559.741623,11631906323.499374
447430091.208272,11560981784.674965,-1048047035.278950,11676901421.887577
450890080.323803,11605529180.860481,-1044552069.542226,11721895478.412123
454363375.871471,11650075541.636599,-1041043662.842976,11766888489.058416
457849977.541487,11694620863.029011,-1037521815.493921,11811880449.811964
461349885.022877,11739165141.063520,-1033986527.808982,11856871356.658356
464863098.003477,11783708371.766016,-1030437800.103277,11901861205.583281
468389616.169938,11828250551.162481,-1026875632.693121,11946849992.572517
471929439.207724,11872791675.278994,-1023300025.896029,11991837713.611952
475482566.801114,11917331740.141729,-1019710980.030712,12036824364.687548
479048998.633196,11961870741.776953,-1016108495.417082,12081809941.785366
482628734.385877,12006408676.211014,-1012492572.376243,12126794440.891573
486221773.739873,12050945539.470385,-1008863211.230504,12171777857.992424
489828116.374714,12095481327.581602,-1005220412.303367,12216760189.074272
493447761.968747,12140016036.571325,-1001564175.919533,12261741430.123571
497080710.199128,12184549662.466290,-997894502.404901,12306721577.126863
500726960.741828,12229082201.293341,-994211392.086566,12351700626.070797
504386513.271634,12273613649.079409,-990514845.292826,12396678572.942118
508059367.462143,12318144001.851532,-986804862.353170,12441655413.727655
511745522.985767,12362673255.636841,-983081443.598289,12486631144.414356
515444979.513733,12407201406.462568,-979344589.360070,12531605760.989246
519157736.716079,12451728450.356041,-975594299.971597,12576579259.439472
522883794.261658,12496254383.344679,-971830575.767153,12621551635.752262
526623151.818138,12540779201.456015,-968053417.082218,12666522885.914963
530375809.051999,12585302900.717674,-964262824.253470,12711493005.914999
534141765.628535,12629825477.157377,-960458797.618782,12756461991.739918
537921021.211855,12674346926.802948,-956641337.517229,12801429839.377342
541713575.464880,12718867245.682318,-952810444.289079,12846396544.815018
545519428.049346,12763386429.823500,-948966118.275799,12891362104.040777
549338578.625803,12807904475.254631,-945108359.820053,12936326513.042568
553171026.853615,12852421378.003950,-941237169.265704,12981289767.808434
557016772.390958,12896937134.099773,-937352546.957811,13026251864.326517
560875814.894826,12941451739.570538,-933454493.242630,13071212798.585072
564748154.021022,12985965190.444782,-929543008.467613,13116172566.572443
568633789.424168,13030477482.751144,-925618092.981413,13161131164.277090
572532720.757696,13074988612.518356,-921679747.133876,13206088587.687574
576444947.673855,13119498575.775272,-917727971.276048,13251044832.792564
580370469.823706,13164007368.550835,-913762765.760172,13295999895.580824
584309286.857126,13208514986.874102,-909784130.939685,13340953772.041233
588261398.422805,13253021426.774233,-905792067.169224,13385906458.162771
592226804.168247,13297526684.280487,-901786574.804623,13430857949.934519
596205503.739772,13342030755.422243,-897767654.202910,13475808243.345671
600197496.782512,13386533636.228968,-893735305.722315,13520757334.385521
604202782.940415,13431035322.730242,-889689529.722259,13565705219.043478
608221361.856243,13475535810.955750,-885630326.563366,13610651893.309061
612253233.171572,13520035096.935286,-881557696.607451,13655597353.171881
616298396.526793,13564533176.698757,-877471640.217530,13700541594.621672
620356851.561111,13609030046.276163,-873372157.757814,13745484613.648272
624428597.912545,13653525701.697630,-869259249.593710,13790426406.241627
628513635.217930,13698020138.993376,-865132916.091825,13835366968.391785
632611963.112913,13742513354.193727,-860993157.619958,13880306296.088913
636723581.231959,13787005343.329138,-856839974.547109,13925244385.323282
640848489.208345,13831496102.430159,-852673367.243471,13970181232.085281
644986686.674164,13875985627.527449,-848493336.080437,14015116832.365406
649138173.260323,13920473914.651773,-844299881.430594,14060051182.154255
653302948.596543,13964960959.834026,-840093003.667727,14104984277.442547
657481012.311362,14009446759.105190,-835872703.166815,14149916114.221113
661672364.032131,14053931308.496372,-831638980.304037,14194846688.480881
665877003.385016,14098414604.038780,-827391835.456767,14239775996.212912
670094929.994998,14142896641.763748,-823131269.003573,14284704033.408375
674326143.485874,14187377417.702705,-818857281.324224,14329630796.058538
678570643.480253,14231856927.887211,-814569872.799681,14374556280.154799
682828429.599562,14276335168.348928,-810269043.812104,14419480481.688660
687099501.464042,14320812135.119633,-805954794.744848,14464403396.651733
691383858.692748,14365287824.231216,-801627125.982464,14509325021.035767
695681500.903552,14409762231.715679,-797286037.910700,14554245350.832594
699992427.713140,14454235353.605141,-792931530.916500,14599164382.034184
704316638.737011,14498707185.931839,-788563605.388004,14644082110.632612
708654133.589484,14543177724.728121,-784182261.714548,14688998532.620075
713004911.883689,14587646966.026449,-779787500.286664,14733913643.988886
717368973.231572,14632114905.859402,-775379321.496080,14778827440.731461
721746317.243897,14676581540.259668,-770957725.735720,14823739918.840345
726136943.530239,14721046865.260073,-766522713.399704,14868651074.308212
730540851.698991,14765510876.893538,-762074284.883349,14913560903.127834
734958041.357362,14809973571.193104,-757612440.583165,14958469401.292101
739388512.111375,14854434944.191940,-753137180.896860,15003376564.794033
743832263.565867,14898894991.923325,-748648506.223339,15048282389.626772
748289295.324494,14943353710.420658,-744146416.962699,15093186871.783556
752759606.989725,14987811095.717457,-739630913.516236,15138090007.257763
757243198.162846,15032267143.847355,-735101996.286441,15182991792.042883
761740068.443956,15076721850.844105,-730559665.676999,15227892222.132528
766250217.431973,15121175212.741589,-726003922.092792,15272791293.520430
770773644.724628,15165627225.573795,-721434765.939899,15317689002.200441
775310349.918470,15210077885.374836,-716852197.625591,15362585344.166544
779860332.608860,15254527188.178957,-712256217.558338,15407480315.412825
784423592.389980,15298975130.020514,-707646826.147804,15452373911.933504
789000128.854823,15343421706.933981,-703024023.804847,15497266129.722921
793589941.595201,15387866914.953959,-698387810.941523,15542156964.775536
798193030.201741,15432310750.115166,-693738187.971082,15587046413.085938
802809394.263883,15476753208.452457,-689075155.307968,15631934470.648829
807439033.369887,15521194286.000788,-684398713.367824,15676821133.459045
812081947.106828,15565633978.795248,-679708862.567485,15721706397.511545
816738135.060596,15610072282.871046,-675005603.324982,15766590258.801407
821407596.815897,15654509194.263533,-670288936.059543,15811472713.323843
826090331.956253,15698944709.008158,-665558861.191588,15856353757.074177
830786340.064005,15743378823.140511,-660815379.142734,15901233386.047865
835495620.720305,15787811532.696308,-656058490.335793,15946111596.240488
840218173.505127,15832242833.711374,-651288195.194772,15990988383.647751
844953997.997255,15876672722.221680,-646504494.144873,16035863744.265493
849703093.774295,15921101194.263306,-641707387.612492,16080737674.089672
854465460.412666,15965528245.872475,-636896876.025221,16125610169.116377
859241097.487604,16009953873.085512,-632072959.811847,16170481225.341831
864030004.573161,16054378071.938889,-627235639.402350,16215350838.762365
868832181.242207,16098800838.469215,-622384915.227908,16260219005.374460
873647627.066427,16143222168.713198,-617520787.720891,16305085721.174715
878476341.616323,16187642058.707684,-612643257.314866,16349950982.159859
883318324.461214,16232060504.489658,-607752324.444591,16394814784.326757
888173575.169233,16276477502.096230,-602847989.546023,16439677123.672382
893042093.307333,16320893047.564632,-597930253.056310,16484537996.193865
897923878.441283,16365307136.932236,-592999115.413799,16529397397.888454
902818930.135666,16409719766.236530,-588054577.058026,16574255324.753531
907727247.953885,16454130931.515144,-583096638.429726,16619111772.786602
912648831.458158,16498540628.805832,-578125299.970825,16663966737.985313
917583680.209520,16542948854.146477,-573140562.124446,16708820216.347441
922531793.767825,16587355603.575108,-568142425.334906,16753672203.870880
927493171.691739,16631760873.129873,-563130890.047716,16798522696.553692
932467813.538749,16676164658.849043,-558105956.709580,16843371690.394033
937455718.865157,16720566956.771044,-553067625.768398,16888219181.390213
942456887.226086,16764967762.934406,-548015897.673263,16933065165.540668
947471318.175469,16809367073.377825,-542950772.874464,16977909638.843971
952499011.266063,16853764884.140106,-537872251.823483,17022752597.298824
957539966.049436,16898161191.260201,-532780334.972995,17067594036.904085
962594182.075979,16942555990.777185,-527675022.776870,17112433953.658718
967661658.894896,16986949278.730278,-522556315.690173,17157272343.561844
972742396.054210,17031341051.158821,-517424214.169161,17202109202.612705
977836393.100761,17075731304.102310,-512278718.671288,17246944526.810692
982943649.580206,17120120033.600359,-507119829.655198,17291778312.155312
988064165.037019,17164507235.692728,-501947547.580731,17336610554.646233
993197939.014493,17208892906.419308,-496761872.908922,17381441250.283260
998344971.054737,17253277041.820122,-491562806.101997,17426270395.066315
1003505260.698678,17297659637.935341,-486350347.623377,17471097984.995457
1008678807.486060,17342040690.805279,-481124497.937678,17515924016.070908
1013865610.955446,17386420196.470341,-475885257.510708,17560748484.293011
1019065670.644215,17430798150.971138,-470632626.809468,17605571385.662251
1024278986.088563,17475174550.348377,-465366606.302155,17650392716.179249
1029505556.823508,17519549390.642918,-460087196.458158,17695212471.844784
1034745382.382880,17563922667.895748,-454794397.748059,17740030648.659771
1039998462.299330,17608294378.148014,-449488210.643634,17784847242.625225
1045264796.104327,17652664517.440964,-444168635.617853,17829662249.742336
1050544383.328157,17697033081.816029,-438835673.144879,17874475666.012447
1055837223.499923,17741400067.314770,-433489323.700067,17919287487.437012
1061143316.147547,17785765469.978867,-428129587.759968,17964097710.017654
1066462660.797770,17830129285.850159,-422756465.802323,18008906329.756126
1071795256.976149,17874491510.970612,-417369958.306070,18053713342.654305
1077141104.207060,17918852141.382366,-411970065.751336,18098518744.714252
1082500202.013698,17963211173.127682,-406556788.619444,18143322531.938133
1087872549.918074,18007568602.248940,-401130127.392909,18188124700.328293
1093258147.441019,18051924424.788692,-395690082.555439,18232925245.887188
1098656994.102182,18096278636.789650,-390236654.591936,18277724164.617439
1104069089.420031,18140631234.294636,-384769843.988493,18322521452.521778
1109494432.911848,18184982213.346622,-379289651.232398,18367317105.603130
1114933024.093739,18229331569.988731,-373796076.812130,18412111119.864536
1120384862.480625,18273679300.264225,-368289121.217362,18456903491.309185
1125849947.586247,18318025400.216503,-362768784.938960,18501694215.940418
1131328278.923164,18362369865.889149,-357235068.468981,18546483289.761726
1136819856.002754,18406712693.325848,-351687972.300677,18591270708.776745
1142324678.335211,18451053878.570454,-346127496.928490,18636056468.989254
1147842745.429552,18495393417.666958,-340553642.848056,18680840566.403183
1153374056.793610,18539731306.659504,-334966410.556205,18725622997.022598
1158918611.934037,18584067541.592384,-329365800.550958,18770403756.851738
1164476410.356302,18628402118.510033,-323751813.331527,18815182841.894974
1170047451.564697,18672735033.457008,-318124449.398319,18859960248.156818
1175631735.062328,18717066282.478065,-312483709.252932,18904735971.641922
1181229260.351125,18761395861.618092,-306829593.398156,18949510008.355145
1186840026.931832,18805723766.922112,-301162102.337975,18994282354.301418
1192464034.304016,18850049994.435299,-295481236.577563,19039053005.485893
1198101281.966061,18894374540.202972,-289786996.623288,19083821957.913830
1203751769.415169,18938697400.270603,-284079382.982709,19128589207.590649
1209415496.147363,18983018570.683838,-278358396.164578,19173354750.521923
1215092461.657485,19027338047.488453,-272624036.678838,19218118582.713371
1220782665.439196,19071655826.730370,-266876305.036625,19262880700.170891
1226486106.984975,19115971904.455673,-261115201.750266,19307641098.900490
1232202785.786122,19160286276.710606,-255340727.333281,19352399774.908367
1237932701.332756,19204598939.541546,-249552882.300381,19397156724.200848
1243675853.113814,19248909888.995018,-243751667.167469,19441911942.784435
1249432240.617053,19293219121.117710,-237937082.451641,19486665426.665764
1255201863.329052,19337526631.956478,-232109128.671182,19531417171.851624
1260984720.735206,19381832417.558327,-226267806.345571,19576167174.348965
1266780812.319732,19426136473.970383,-220413115.995478,19620915430.164906
1272590137.565664,19470438797.239971,-214545058.142764,19665661935.306717
1278412695.954858,19514739383.414547,-208663633.310484,19710406685.781811
1284248486.967989,19559038228.541714,-202768842.022880,19755149677.597736
1290097510.084552,19603335328.669239,-196860684.805390,19799890906.762245
1295959764.782861,19647630679.845058,-190939162.184640,19844630369.283237
1301835250.540051,19691924278.117249,-185004274.688450,19889368061.168736
1307723966.832077,19736216119.534042,-179056022.845830,19934103978.426949
1313625913.133710,19780506200.143829,-173094407.186981,19978838117.066219
1319541088.918547,19824794515.995163,-167119428.243295,20023570473.095089
1325469493.659000,19869081063.136745,-161131086.547357,20068301042.522236
1331411126.826304,19913365837.617451,-155129382.632941,20113029821.356480
1337365987.890515,19957648835.486279,-149114317.035014,20157756805.606823
1343334076.320506,20001930052.792446,-143085890.289732,20202481991.282421
1349315391.583972,20046209485.585281,-137044102.934443,20247205374.392582
1355309933.147429,20090487129.914272,-130988955.507686,20291926950.946781
1361317700.476209,20134762981.829079,-124920448.549191,20336646716.954655
1367338693.034471,20179037037.379532,-118838582.599879,20381364668.425991
1373372910.285189,20223309292.615593,-112743358.201862,20426080801.370743
1379420351.690162,20267579743.587418,-106634775.898440,20470795111.799034
1385481016.710004,20311848386.345295,-100512836.234108,20515507595.721165
1391554904.804154,20356115216.939667,-94377539.754548,20560218249.147545
1397642015.430870,20400380231.421200,-88228887.006635,20604927068.088799
1403742348.047231,20444643425.840645,-82066878.538434,20649634048.555695
1409855902.109137,20488904796.248962,-75891514.899199,20694339186.559158
1415982677.071307,20533164338.697243,-69702796.639377,20739042478.110298
1422122672.387283,20577422049.236786,-63500724.310602,20783743919.220345
1428275887.509426,20621677923.919014,-57285298.465703,20828443505.900753
1434442321.888918,20665931958.795525,-51056519.658694,20873141234.163105
1440621974.975765,20710184149.918087,-44814388.444784,20917837100.019157
1446814846.218790,20754434493.338615,-38558905.380369,20962531099.480820
1453020935.065639,20798682985.109211,-32290071.023037,21007223228.560188
1459240240.962780,20842929621.282127,-26007885.931565,21051913483.269524
1465472763.355499,20887174397.909809,-19712350.665920,21096601859.621227
1471718501.687906,20931417311.044815,-13403465.787261,21141288353.627880
1477977455.402930,20975658356.739910,-7081231.857933,21185972961.302273
1484249623.942325,21019897531.048016,-745649.441475,21230655678.657295
1490535006.746662,21064134830.022209,5603280.897385,21275336501.706032
1496833603.255337,21108370249.715755,11965558.592733,21320015426.461761
1503145412.906564,21152603786.182083,18341183.077459,21364692448.937908
1509470435.137381,21196835435.474785,24730153.783269,21409367565.148067
1515808669.383647,21241065193.647598,31132470.140675,21454040771.105991
1522160115.080042,21285293056.754467,37548131.579003,21498712062.825619
1528524771.660068,21329519020.849483,43977137.526387,21543381436.321056
1534902638.556047,21373743081.986908,50419487.409771,21588048887.606571
1541293715.199127,21417965236.221184,56875180.654913,21632714412.696636
1547698001.019274,21462185479.606915,63344216.686378,21677378007.605850
1554115495.445277,21506403808.198860,69826594.927544,21722039668.349014
1560546197.904747,21550620218.051991,76322314.800597,21766699390.941093
1566990107.824117,21594834705.221405,82831375.726537,21811357171.397194
1573447224.628642,21639047265.762398,89353777.125173,21856013005.732639
1579917547.742398,21683257895.730427,95889518.415125,21900666889.962921
1586401076.588285,21727466591.181126,102438599.013824,21945318820.103680
1592897810.588023,21771673348.170300,109001018.337512,21989968792.170746
1599407749.162155,21815878162.753929,115576775.801243,22034616802.180115
1605930891.730048,21860081030.988159,122165870.818879,22079262846.147949
1612467237.709888,21904281948.929321,128768302.803097,22123906920.090633
1619016786.518687,21948480912.633900,135384071.165382,22168549020.024654
1625579537.572276,21992677918.158581,142013175.316032,22213189141.966743
1632155490.285311,22036872961.560196,148655614.664157,22257827281.933769
1638744644.071268,22081066038.895794,155311388.617676,22302463435.942776
1645346998.342448,22125257146.222538,161980496.583320,22347097600.011005
1651962552.509974,22169446279.597820,168662937.966634,22391729770.155853
1658591305.983791,22213633435.079182,175358712.171971,22436359942.394909
1665233258.172668,22257818608.724350,182067818.602497,22480988112.745937
1671888408.484195,22302001796.591232,188790256.660189,22525614277.226875
1678556756.324785,22346182994.737907,195526025.745838,22570238431.855816
1685238301.099676,22390362199.222637,202275125.259044,22614860572.651093
1691933042.212925,22434539406.103840,209037554.598219,22659480695.631172
1698640979.067416,22478714611.440121,215813313.160588,22704098796.814690
1705362111.064855,22522887811.290279,222602400.342188,22748714872.220497
1712096437.605768,22567059001.713287,229404815.537866,22793328917.867603
1718843958.089509,22611228178.768295,236220558.141283,22837940929.775200
1725604671.914251,22655395338.514622,243049627.544911,22882550903.962673
1732378578.476994,22699560477.011768,249892023.140033,22927158836.449589
1739165677.173557,22743723590.319447,256747744.316748,22971764723.255661
1745965967.398587,22787884674.497494,263616790.463963,23016368560.400829
1752779448.545552,22832043725.605988,270499160.969398,23060970343.905193
1759606120.006742,22876200739.705139,277394855.219588,23105570069.789021
1766445981.173274,22920355712.855373,284303872.599877,23150167734.072796
1773299031.435083,22964508641.117271,291226212.494423,23194763332.777176
1780165270.180936,23008659520.551617,298161874.286196,23239356861.922981
1787044696.798416,23052808347.219368,305110857.356980,23283948317.531239
1793937310.673933,23096955117.181660,312073161.087370,23328537695.623169
1800843111.192721,23141099826.499825,319048784.856773,23373124992.220127
1807762097.738838,23185242471.235363,326037728.043410,23417710203.343704
1814694269.695164,23229383047.449982,333039990.024314,23462293325.015656
1821639626.443404,23273521551.205551,340055570.175332,23506874353.257927
1828598167.364089,23317657978.564125,347084467.871123,23551453284.092655
1835569891.836570,23361792325.587955,354126682.485158,23596030113.542160
1842554799.239026,23405924588.339462,361182213.389722,23640604837.628933
1849552888.948457,23450054762.881275,368251059.955913,23685177452.375660
1856564160.340688,23494182845.276207,375333221.553642,23729747953.805237
1863588612.790372,23538308831.587238,382428697.551632,23774316337.940723
1870626245.670981,23582432717.877544,389537487.317422,23818882600.805370
1877677058.354816,23626554500.210495,396659590.217361,23863446738.422626
1884741050.212997,23670674174.649635,403795005.616612,23908008746.816132
1891818220.615474,23714791737.258720,410943732.879154,23952568622.009705
1898908568.931018,23758907184.101669,418105771.367776,23997126360.027344
1906012094.527226,23803020511.242592,425281120.444081,24041681956.893257
1913128796.770521,23847131714.745800,432469779.468489,24086235408.631844
1920258675.026148,23891240790.675800,439671747.800228,24130786711.267681
1927401728.658178,23935347735.097263,446887024.797344,24175335860.825542
1934557957.029508,23979452544.075077,454115609.816695,24219882853.330395
1941727359.501858,24023555213.674290,461357502.213953,24264427684.807388
1948909935.435772,24067655739.960163,468612701.343604,24308970351.281887
1956105684.190624,24111754118.998146,475881206.558947,24353510848.779404
1963314605.124607,24155850346.853889,483163017.212096,24398049173.325706
1970536697.594743,24199944419.593201,490458132.653978,24442585320.946709
1977771960.956880,24244036333.282116,497766552.234335,24487119287.668530
1985020394.565687,24288126083.986851,505088275.301722,24531651069.517479
1992281997.774663,24332213667.773808,512423301.203509,24576180662.520073
1999556769.936127,24376299080.709587,519771629.285879,24620708062.703022
2006844710.401229,24420382318.860981,527133258.893832,24665233266.093235
2014145818.519940,24464463378.294994,534508189.371179,24709756268.717777
2021460093.641061,24508542255.078789,541896420.060548,24754277066.603935
2028787535.112213,24552618945.279751,549297950.303379,24798795655.779228
2036128142.279848,24596693444.965446,556712779.439929,24843312032.271324
2043481914.489240,24640765750.203644,564140906.809266,24887826192.108101
2050848851.084491,24684835857.062321,571582331.749278,24932338131.317631
2058228951.408527,24728903761.609619,579037053.596663,24976847845.928188
2065622214.803103,24772969459.913898,586505071.686935,25021355331.968250
2073028640.608795,24817032948.043713,593986385.354423,25065860585.466488
2080448228.165009,24861094222.067810,601480993.932272,25110363602.451756
2087880976.809977,24905153278.055138,608988896.752441,25154864378.953136
2095326885.880755,24949210112.074821,616510093.145702,25199362910.999889
2102785954.713226,24993264720.196228,624044582.441645,25243859194.621490
2110258182.642100,25037317098.488899,631592363.968674,25288353225.847576
2117743569.000912,25081367243.022556,639153437.054007,25332845000.708031
2125242113.122024,25125415149.867149,646727801.023680,25377334515.232922
2132753814.336624,25169460815.092815,654315455.202541,25421821765.452515
2140278671.974729,25213504234.769882,661916398.914255,25466306747.397274
2147816685.365178,25257545404.968895,669530631.481302,25510789457.097881
2155367853.835641,25301584321.760571,677158152.224979,25555269890.585213
2162932176.712611,25345620981.215874,684798960.465396,25599748043.890324
2170509653.321410,25389655379.405945,692453055.521479,25644223913.044498
2178100282.986188,25433687512.402122,700120436.710972,25688697494.079224
2185704065.029919,25477717376.275955,707801103.350431,25733168783.026184
2193320998.774403,25521744967.099159,715495054.755232,25777637775.917255
2200951083.540271,25565770280.943710,723202290.239563,25822104468.784550
2208594318.646976,25609793313.881760,730922809.116430,25866568857.660339
2216250703.412803,25653814061.985657,738656610.697653,25911030938.577137
2223920237.154862,25697832521.327953,746403694.293871,25955490707.567657
2231602919.189092,25741848687.981434,754164059.214536,25999948160.664810
2239298748.830254,25785862558.019043,761937704.767919,26044403293.901703
2247007725.391943,25829874127.513966,769724630.261104,26088856103.311672
2254729848.186576,25873883392.539577,777524834.999993,26133306584.928242
2262465116.525400,25917890349.169453,785338318.289305,26177754734.785149
2270213529.718489,25961894993.477379,793165079.432575,26222200548.916336
2277975087.074747,26005897321.537354,801005117.732152,26266644023.355965
2285749787.901900,26049897329.423580,808858432.489205,26311085154.138386
2293537631.506506,26093895013.210461,816725023.003717,26355523937.298172
2301338617.193950,26137890368.972622,824604888.574489,26399960368.870106
2309152744.268444,26181883392.784874,832498028.499137,26444394444.889172
2316980012.033030,26225874080.722248,840404442.074097,26488826161.390575
2324820419.789576,26269862428.859985,848324128.594618,26533255514.409706
2332673966.838778,26313848433.273544,856257087.354769,26577682499.982185
2340540652.480160,26357832090.038578,864203317.647432,26622107114.143845
2348420476.012074,26401813395.230915,872162818.764312,26666529352.930714
2356313436.731703,26445792344.926678,880135589.995924,26710949212.379047
2364219533.935052,26489768935.202126,888121630.631606,26755366688.525318
2372138766.916961,26533743162.133751,896120939.959510,26799781777.406178
2380071134.971097,26577715021.798275,904133517.266606,26844194475.058529
2388016637.389953,26621684510.272602,912159361.838680,26888604777.519451
2395975273.464849,26665651623.633865,920198472.960339,26933012680.826267
2403947042.485939,26709616357.959408,928250849.915003,26977418181.016502
2411931943.742202,26753578709.326786,936316491.984913,27021821274.127880
2419929976.521444,26797538673.813740,944395398.451124,27066221956.198368
2427941140.110306,26841496247.498253,952487568.593514,27110620223.266125
2435965433.794251,26885451426.458538,960593001.690772,27155016071.369518
2444002856.857575,26929404206.772991,968711697.020411,27199409496.547173
2452053408.583402,26973354584.520218,976843653.858756,27243800494.837879
2460117088.253685,27017302555.779049,984988871.480955,27288189062.280659
2468193895.149206,27061248116.628532,993147349.160971,27332575194.914749
2476283828.549576,27105191263.147942,1001319086.171586,27376958888.779636
2484386887.733234,27149131991.416752,1009504081.784399,27421340139.914982
2492503071.977450,27193070297.514648,1017702335.269828,27465718944.360687
2500632380.558321,27237006177.521538,1025913845.897109,27510095298.156841
2508774812.750779,27280939627.517540,1034138612.934297,27554469197.343792
2516930367.828579,27324870643.583008,1042376635.648265,27598840637.962063
2525099045.064308,27368799221.798489,1050627913.304703,27643209616.052456
2533280843.729385,27412725358.244762,1058892445.168121,27687576127.655930
2541475763.094054,27456649049.002819,1067170230.501847,27731940168.813705
2549683802.427392,27500570290.153870,1075461268.568027,27776301735.567188
2557904960.997304,27544489077.779343,1083765558.627627,27820660823.958023
2566139238.070527,27588405407.960888,1092083099.940430,27865017430.028084
2574386632.912626,27632319276.780365,1100413891.765040,27909371549.819450
2582647144.787997,27676230680.319874,1108757933.358877,27953723179.374443
2590920772.959864,27720139614.661716,1117115223.978183,27998072314.735558
2599207516.690283,27764046075.888405,1125485762.878017,28042418951.945564
2607507375.240140,27807950060.082687,1133869549.312258,28086763087.047432
2615820347.869153,27851851563.327549,1142266582.533602,28131104716.084354
2624146433.835867,27895750581.706169,1150676861.793567,28175443835.099743
2632485632.397660,27939647111.301960,1159100386.342488,28219780440.137241
2640837942.810736,27983541148.198540,1167537155.429520,28264114527.240707
2649203364.330136,28027432688.479790,1175987168.302640,28308446092.454235
2657581896.209727,28071321728.229755,1184450424.208640,28352775131.822124
2665973537.702207,28115208263.532757,1192926922.393136,28397101641.388908
2674378288.059106,28159092290.473312,1201416662.100559,28441425617.199364
2682796146.530787,28202973805.136162,1209919642.574163,28485747055.298458
2691227112.366436,28246852803.606277,1218435863.056019,28530065951.731419
2699671184.814080,28290729281.968857,1226965322.787022,28574382302.543667
2708128363.120569,28334603236.309322,1235508021.006882,28618696103.780888
2716598646.531589,28378474662.713314,1244063956.954131,28663007351.488956
2725082034.291655,28422343557.266697,1252633129.866123,28707316041.713989
2733578525.644114,28466209916.055569,1261215538.979028,28751622170.502335
2742088119.831141,28510073735.166256,1269811183.527839,28795925733.900574
2750610816.093748,28553935010.685307,1278420062.746369,28840226727.955482
2759146613.671771,28597793738.699482,1287042175.867251,28884525148.714111
2767695511.803885,28641649915.295799,1295677522.121937,28928820992.223705
2776257509.727592,28685503536.561485,1304326100.740701,28973114254.531761
2784832606.679228,28729354598.583996,1312987910.952636,29017404931.685989
2793420801.893960,28773203097.451012,1321662951.985656,29061693019.734352
2802022094.605784,28817049029.250446,1330351223.066498,29105978514.725010
2810636484.047531,28860892390.070457,1339052723.420717,29150261412.706364
2819263969.450861,28904733175.999382,1347767452.272687,29194541709.727062
2827904550.046269,28948571383.125858,1356495408.845608,29238819401.835968
2836558225.063081,28992407007.538692,1365236592.361497,29283094485.082195
2845224993.729456,29036240045.326954,1373991002.041193,29327366955.515064
2853904855.272382,29080070492.579922,1382758637.104354,29371636809.184143
2862597808.917681,29123898345.387146,1391539496.769464,29415904042.139229
2871303853.890007,29167723599.838360,1400333580.253825,29460168650.430347
2880022989.412848,29211546252.023548,1409140886.773558,29504430630.107777
2888755214.708522,29255366298.032925,1417961415.543610,29548689977.222000
2897500528.998180,29299183733.956963,1426795165.777746,29592946687.823765
2906258931.501807,29342998555.886318,1435642136.688553,29637200757.964020
2915030421.438219,29386810759.911922,1444502327.487442,29681452183.693966
2923814998.025066,29430620342.124924,1453375737.384640,29725700961.065052
2932612660.478830,29474427298.616692,1462262365.589202,29769947086.128948
2941423408.014825,29518231625.478855,1471162211.309000,29814190554.937546
2950247239.847199,29562033318.803265,1480075273.750732,29858431363.543003
2959084155.188933,29605832374.681999,1489001552.119914,29902669507.997704
2967934153.251842,29649628789.207394,1497941045.620885,29946904984.354259
2976797233.246568,29693422558.471992,1506893753.456806,29991137788.665508
2985673394.382595,29737213678.568588,1515859674.829662,30035367916.984566
2994562635.868237,29781002145.590210,1524838808.940258,30079595365.364735
3003464956.910636,29824787955.630116,1533831154.988221,30123820129.859608
3012380356.715776,29868571104.781822,1542836712.172002,30168042206.522987
3021308834.488469,29912351589.139069,1551855479.688872,30212261591.408920
3030250389.432363,29956129404.795811,1560887456.734927,30256478280.571682
3039205020.749936,29999904547.846275,1569932642.505084,30300692270.065796
3048172727.642503,30043677014.384918,1578991036.193082,30344903555.946045
3057153509.310213,30087446800.506424,1588062636.991484,30389112134.267418
3066147364.952047,30131213902.305725,1597147444.091676,30433318001.085152
3075154293.765820,30174978315.877998,1606245456.683865,30477521152.454750
3084174294.948180,30218740037.318642,1615356673.957082,30521721584.431934
3093207367.694613,30262499062.723305,1624481095.099180,30565919293.072670
3102253511.199436,30306255388.187881,1633618719.296837,30610114274.433197
3111312724.655799,30350009009.808498,1642769545.735550,30654306524.569935
3120385007.255691,30393759923.681526,1651933573.599645,30698496039.539589
3129470358.189929,30437508125.903587,1661110802.072267,30742682815.399117
3138568776.648169,30481253612.571526,1670301230.335384,30786866848.205692
3147680261.818901,30524996379.782440,1679504857.569789,30831048134.016747
3156804812.889447,30568736423.633675,1688721682.955100,30875226668.889935
3165942429.045966,30612473740.222805,1697951705.669754,30919402448.883179
3175093109.473451,30656208325.647659,1707194924.891015,30963575470.054646
3184256853.355727,30699940176.006310,1716451339.794971,31007745728.462742
3193433659.875459,30743669287.397049,1725720949.556531,31051913220.166126
3202623528.214143,30787395655.918442,1735003753.349431,31096077941.223690
3211826457.552111,30831119277.669304,1744299750.346227,31140239887.694592
3221042447.068531,30874840148.748657,1753608939.718301,31184399055.638191
3230271495.941405,30918558265.255806,1762931320.635861,31228555441.114159
3239513603.347571,30962273623.290283,1772266892.267937,31272709040.182388
3248768768.462702,31005986218.951870,1781615653.782382,31316859848.902977
3258036990.461304,31049696048.340603,1790977604.345875,31361007863.336338
3267318268.516723,31093403107.556732,1800352743.123919,31405153079.543083
3276612601.801137,31137107392.700802,1809741069.280840,31449295493.584091
3285919989.485560,31180808899.873573,1819142581.979792,31493435101.520493
3295240430.739841,31224507625.176075,1828557280.382750,31537571899.413681
3304573924.732669,31268203564.709557,1837985163.650515,31581705883.325272
3313920470.631562,31311896714.575539,1847426230.942712,31625837049.317139
3323280067.602880,31355587070.875782,1856880481.417791,31669965393.451401
3332652714.811815,31399274629.712288,1866347914.233028,31714090911.790466
3342038411.422397,31442959387.187325,1875828528.544521,31758213600.396942
3351437156.597488,31486641339.403404,1885322323.507197,31802333455.333725
3360848949.498794,31530320482.463284,1894829298.274805,31846450472.663933
3370273789.286851,31573996812.469963,1904349451.999921,31890564648.450966
3379711675.121033,31617670325.526726,1913882783.833944,31934675978.758465
3389162606.159549,31661341017.737068,1923429292.927101,31978784459.650314
3398626581.559447,31705008885.204754,1932988978.428440,32022890087.190643
3408103600.476612,31748673924.033810,1942561839.485841,32066992857.443871
3417593662.065760,31792336130.328484,1952147875.246003,32111092766.474648
3427096765.480448,31835995500.193298,1961747084.854455,32155189810.347889
3436612909.873072,31879652029.733055,1971359467.455549,32199283985.128738
3446142094.394861,31923305715.052746,1980985022.192463,32243375286.882626
3455684318.195881,31966956552.257668,1990623748.207205,32287463711.675220
3465239580.425037,32010604537.453346,2000275644.640603,32331549255.572456
3474807880.230069,32054249666.745583,2009940710.632313,32375631914.640503
3484389216.757556,32097891936.240417,2019618945.320818,32419711684.945812
3493983589.152913,32141531342.044132,2029310347.843427,32463788562.555080
3503590996.560390,32185167880.263294,2039014917.336274,32507862543.535263
3513211438.123080,32228801547.004700,2048732652.934321,32551933623.953575
3522844912.982909,32272432338.375412,2058463553.771354,32596001799.877476
3532491420.280643,32316060250.482765,2068207618.979988,32640067067.374706
3542150959.155882,32359685279.434341,2077964847.691662,32684129422.513245
3551823528.747068,32403307421.337963,2087735239.036644,32728188861.361359
3561509128.191478,32446926672.301701,2097518792.144027,32772245379.987526
3571207756.625226,32490543028.433933,2107315506.141731,32816298974.460533
3580919413.183267,32534156485.843262,2117125380.156503,32860349640.849388
3590644096.999392,32577767040.638557,2126948413.313917,32904397375.223385
3600381807.206230,32621374688.928913,2136784604.738374,32948442173.652069
3610132542.935249,32664979426.823750,2146633953.553101,32992484032.205242
3619896303.316755,32708581250.432686,2156496458.880153,33036522946.952984
3629673087.479893,32752180155.865643,2166372119.840414,33080558913.965614
3639462894.552641,32795776139.232780,2176260935.553594,33124591929.313728
3649265723.661823,32839369196.644516,2186162905.138226,33168621989.068188
3659081573.933098,32882959324.211529,2196078027.711677,33212649089.300102
3668910444.490962,32926546518.044769,2206006302.390138,33256673226.080856
3678752334.458753,32970130774.255444,2215947728.288628,33300694395.482090
3688607242.958645,33013712088.955029,2225902304.520993,33344712593.575722
3698475169.111653,33057290458.255245,2235870030.199911,33388727816.433922
3708356112.037628,33100865878.268082,2245850904.436882,33432740060.129112
3718250070.855264,33144438345.105797,2255844926.342235,33476749320.733986
3728157044.682091,33188007854.880924,2265852095.025133,33520755594.321545
3738077032.634480,33231574403.706245,2275872409.593558,33564758876.965000
3748010033.827637,33275137987.694790,2285905869.154327,33608759164.737862
3757956047.375614,33318698602.959885,2295952472.813081,33652756453.713886
3767915072.391297,33362256245.615105,2306012219.674292,33696750739.967094
3777887107.986413,33405810911.774288,2316085108.841259,33740742019.571808
3787872153.271529,33449362597.551533,2326171139.416113,33784730288.602585
3797870207.356051,33492911299.061222,2336270310.499807,33828715543.134239
3807881269.348225,33536457012.418003,2346382621.192127,33872697779.241886
3817905338.355140,33579999733.736767,2356508070.591686,33916676993.000900
3827942413.482718,33623539459.132683,2366646657.795928,33960653180.486916
3837992493.835724,33667076184.721195,2376798381.901123,34004626337.775829
3848055578.517767,33710609906.618000,2386963242.002373,34048596460.943844
3858131666.631290,33754140620.939087,2397141237.193607,34092563546.067375
3868220757.277579,33797668323.800674,2407332366.567582,34136527589.223160
3878322849.556760,33841193011.319286,2417536629.215887,34180488586.488178
3888437942.567800,33884714679.611710,2427754024.228938,34224446533.939686
3898566035.408506,33928233324.794979,2437984550.695981,34268401427.655216
3908707127.175523,33971748942.986435,2448228207.705090,34312353263.712559
3918861216.964340,34015261530.303635,2458484994.343174,34356302038.189812
3929028303.869287,34058771082.864456,2468754909.695966,34400247747.165306
3939208386.983531,34102277596.787018,2479037952.848030,34444190386.717651
3949401465.399083,34145781068.189716,2489334122.882760,34488129952.925720
3959607538.206791,34189281493.191227,2499643418.882381,34532066441.868713
3969826604.496351,34232778867.910484,2509965839.927947,34575999849.626060
3980058663.356294,34276273188.466713,2520301385.099339,34619930172.277451
3990303713.873992,34319764450.979401,2530650053.475273,34663857405.902878
4000561755.135661,34363252651.568283,2541011844.133291,34707781546.582626
4010832786.226358,34406737786.353424,2551386756.149769,34751702590.397186
4021116806.229979,34450219851.455109,2561774788.599912,34795620533.427429
4031413814.229267,34493698842.993919,2572175940.557753,34839535371.754387
4041723809.305799,34537174757.090683,2582590211.096158,34883447101.459442
4052046790.539999,34580647589.866577,2593017599.286824,34927355718.624229
4062382757.011130,34624117337.442970,2603458104.200277,34971261219.330666
4072731707.797299,34667583995.941559,2613911724.905876,35015163599.660942
4083093641.975452,34711047561.484283,2624378460.471806,35059062855.697517
4093468558.621381,34754508030.193367,2634858309.965089,35102958983.523155
4103856456.809714,34797965398.191338,2645351272.451575,35146851979.220856
4114257335.613928,34841419661.600937,2655857346.995942,35190741838.873955
4124671194.106337,34884870816.545250,2666376532.661704,35234628558.566017
4135098031.358100,34928318859.147583,2676908828.511205,35278512134.380913
4145537846.439217,34971763785.531532,2687454233.605618,35322392562.402771
4155990638.418531,35015205591.821068,2698012747.004952,35366269838.716019
4166456406.363728,35058644274.140312,2708584367.768044,35410143959.405373
4176935149.341333,35102079828.613686,2719169094.952560,35454014920.555801
4187426866.416722,35145512251.365936,2729766927.615004,35497882718.252556
4197931556.654104,35188941538.522072,2740377864.810706,35541747348.581192
4208449219.116538,35232367686.207367,2751001905.593832,35585608807.627541
4218979852.865920,35275790690.547363,2761639049.017379,35629467091.477699
4229523456.962996,35319210547.667953,2772289294.133172,35673322196.218071
4240080030.467349,35362627253.695221,2782952639.991873,35717174117.935326
4250649572.437408,35406040804.755608,2793629085.642976,35761022852.716400
4261232081.930446,35449451196.975754,2804318630.134804,35804868396.648560
4271827558.002577,35492858426.482651,2815021272.514516,35848710745.819305
4282435999.708761,35536262489.403534,2825737011.828099,35892549896.316452
4293057406.102798,35579663381.865974,2836465847.120376,35936385844.228104
4303691776.237336,35623061099.997772,2847207777.434999,35980218585.642616
4314339109.163861,35666455639.926979,2857962801.814457,36024048116.648659
4324999403.932711,35709846997.782005,2868730919.300070,36067874433.335197
4335672659.593056,35753235169.691536,2879512128.931992,36111697531.791428
4346358875.192925,35796620151.784477,2890306429.749205,36155517408.106873
4357058049.779179,35840001940.190132,2901113820.789528,36199334058.371353
4367770182.397525,35883380531.037964,2911934301.089615,36243147478.674934
4378495272.092522,35926755920.457764,2922767869.684950,36286957665.108032
4389233317.907563,35970128104.579651,2933614525.609848,36330764613.761307
4399984318.884891,36013497079.533989,2944474267.897465,36374568320.725685
4410748274.065592,36056862841.451424,2955347095.579784,36418368782.092430
4421525182.489598,36100225386.462929,2966233007.687622,36462165993.953087
4432315043.195683,36143584710.699715,2977132003.250630,36505959952.399467
4443117855.221472,36186940810.293297,2988044081.297296,36549750653.523659
4453933617.603425,36230293681.375504,2998969240.854937,36593538093.418068
4464762329.376852,36273643320.078438,3009907480.949709,36637322268.175385
4475603989.575910,36316989722.534454,3020858800.606597,36681103173.888573
4486458597.233601,36360332884.876251,3031823198.849423,36724880806.650940
4497326151.381768,36403672803.236763,3042800674.700840,36768655162.556023
4508206651.051100,36447009473.749252,3053791227.182342,36812426237.697678
4519100095.271132,36490342892.547249,3064794855.314250,36856194028.170052
4530006483.070246,36533673055.764595,3075811558.115722,36899958530.067566
4540925813.475669,36576999959.535416,3086841334.604748,36943719739.484962
4551858085.513478,36620323599.994110,3097884183.798159,36987477652.517258
4562803298.208584,36663643973.275360,3108940104.711615,37031232265.259796
4573761450.584752,36706961075.514198,3120009096.359613,37074983573.808121
4584732541.664591,36750274902.845894,3131091157.755483,37118731574.258179
4595716570.469558,36793585451.406013,3142186287.911392,37162476262.706146
4606713536.019951,36836892717.330406,3153294485.838341,37206217635.248543
4617723437.334920,36880196696.755249,3164415750.546167,37249955687.982117
4628746273.432462,36923497385.816994,3175550081.043540,37293690417.003960
4639782043.329413,36966794780.652420,3186697476.337967,37337421818.411453
4650830746.041457,37010088877.398544,3197857935.435791,37381149888.302246
4661892380.583128,37053379672.192680,3209031457.342185,37424874622.774330
4672966945.967807,37096667161.172485,3220218041.061169,37468596017.925934
4684054441.207716,37139951340.475883,3231417685.595587,37512314069.855667
4695154865.313931,37183232206.241074,3242630389.947124,37556028774.662354
4706268217.296367,37226509754.606590,3253856153.116299,37599740128.445190
4717394496.163796,37269783981.711235,3265094974.102469,37643448127.303581
4728533700.923826,37313054883.694115,3276346851.903825,37687152767.337296
4739685830.582923,37356322456.694626,3287611785.517398,37730854044.646347
4750850884.146391,37399586696.852493,3298889773.939047,37774551955.331154
4762028860.618385,37442847600.307663,3310180816.163473,37818246495.492332
4773219759.001906,37486105163.200462,3321484911.184215,37861937661.230812
4784423578.298800,37529359381.671455,3332802057.993644,37905625448.647865
4795640317.509768,37572610251.861572,3344132255.582971,37949309853.845047
4806869975.634356,37615857769.911987,3355475502.942238,37992990872.924194
4818112551.670949,37659101931.964172,3366831799.060333,38036668501.987457
4829368044.616795,37702342734.159927,3378201142.924972,38080342737.137276
4840636453.467975,37745580172.641327,3389583533.522710,38124013574.476425
4851917777.219428,37788814243.550774,3400978969.838946,38167681010.107956
4863212014.864937,37832044943.030930,3412387450.857905,38211345040.135208
4874519165.397133,37875272267.224808,3423808975.562654,38255005660.661842
4885839227.807498,37918496212.275681,3435243542.935099,38298662867.791855
4897172201.086360,37961716774.327141,3446691151.955981,38342316657.629471
4908518084.222894,38004933949.523064,3458151801.604881,38385967026.279289
4919876876.205126,38048147734.007645,3469625490.860216,38429613969.846169
4931248576.019930,38091358123.925385,3481112218.699239,38473257484.435318
4942633182.653026,38134565115.421066,3492611984.098042,38516897566.152206
4954030695.088986,38177768704.639809,3504124786.031553,38560534211.102600
4965441112.311234,38220968887.727013,3515650623.473543,38604167415.392624
4976864433.302035,38264165660.828369,3527189495.396613,38647797175.128700
4988300657.042510,38307359020.089912,3538741400.772210,38691423486.417480
4999749782.512621,38350548961.657959,3550306338.570613,38735046345.366013
5011211808.691189,38393735481.679092,3561884307.760944,38778665748.081589
5022686734.555877,38436918576.300270,3573475307.311162,38822281690.671890
5034174559.083201,38480098241.668701,3585079336.188062,38865894169.244827
5045675281.248526,38523274473.931923,3596696393.357279,38909503179.908623
5057188900.026068,38566447269.237785,3608326477.783286,38953108718.771843
5068715414.388884,38609616623.734444,3619969588.429396,38996710781.943344
5080254823.308893,38652782533.570320,3631625724.257759,39040309365.532303
5091807125.756857,38695944994.894196,3643294884.229368,39083904465.648209
5103372320.702387,38739104003.855186,3654977067.304049,39127496078.400833
5114950407.113950,38782259556.602615,3666672272.440469,39171084199.900299
5126541383.958860,38825411649.286179,3678380498.596138,39214668826.256996
5138145250.203275,38868560278.055862,3690101744.727397,39258249953.581642
5149762004.812214,38911705439.061958,3701836009.789437,39301827577.985260
5161391646.749541,38954847128.455093,3713583292.736281,39345401695.579216
5173034174.977972,38997985342.386192,3725343592.520792,39388972302.475136
5184689588.459068,39041120077.006493,3737116908.094678,39432539394.785011
5196357886.153248,39084251328.467529,3748903238.408479,39476102968.621124
5208039067.019777,39127379092.921150,3760702582.411580,39519663020.096046
5219733130.016777,39170503366.519524,3772514939.052204,39563219545.322693
5231440074.101213,39213624145.415108,3784340307.277413,39606772540.414299
5243159898.228904,39256741425.760689,3796178686.033112,39650322001.484383
5254892601.354519,39299855203.709412,3808030074.264044,39693867924.646767
5266638182.431584,39342965475.414612,3819894470.913793,39737410306.015640
5278396640.412472,39386072237.030037,3831771874.924783,39780949141.705475
5290167974.248406,39429175484.709755,3843662285.238278,39824484427.831055
5301952182.889467,39472275214.608078,3855565700.794384,39868016160.507515
5313749265.284578,39515371422.879677,3867482120.532047,39911544335.850243
5325559220.381523,39558464105.679512,3879411543.389050,39955068949.975006
5337382047.126928,39601553259.162888,3891353968.302027,39998589998.997833
5349217744.466281,39644638879.485413,3903309394.206441,40042107479.035103
5361066311.343913,39687720962.802994,3915277820.036602,40085621386.203522
5372927746.703013,39730799505.271866,3927259244.725661,40129131716.620064
5384802049.485622,39773874503.048599,3939253667.205609,40172638466.402100
5396689218.632632,39816945952.290039,3951261086.407279,40216141631.667267
5408589253.083786,39860013849.153381,3963281501.260346,40259641208.533508
5420502151.777681,39903078189.796112,3975314910.693323,40303137193.119110
5432427913.651770,39946138970.376060,3987361313.633569,40346629581.542686
5444366537.642349,39989196187.051346,3999420709.007283,40390118369.923149
5456318022.684576,40032249835.980431,4011493095.739503,40433603554.379723
5468282367.712456,40075299913.322067,4023578472.754114,40477085131.031975
5480259571.658851,40118346415.235352,4035676838.973840,40520563095.999802
5492249633.455473,40161389337.879707,4047788193.320250,40564037445.403374
5504252552.032891,40204428677.414841,4059912534.713748,40607508175.363258
5516268326.320519,40247464430.000816,4072049862.073586,40650975282.000282
5528296955.246638,40290496591.797966,4084200174.317859,40694438761.435616
5540338437.738371,40333525158.967003,4096363470.363501,40737898609.790741
5552392772.721695,40376550127.668915,4108539749.126290,40781354823.187508
5564459959.121447,40419571494.065041,4120729009.520849,40824807397.748032
5576539995.861313,40462589254.317017,4132931250.460638,40868256329.594757
5588632881.863832,40505603404.586792,4145146470.857966,40911701614.850471
5600738616.050403,40548613941.036697,4157374669.623981,40955143249.638283
5612857197.341269,40591620859.829338,4169615845.668676,40998581230.081635
5624988624.655541,40634624157.127640,4181869997.900885,41042015552.304268
5637132896.911170,40677623829.094833,4194137125.228289,41085446212.430283
5649290013.024965,40720619871.894539,4206417226.557406,41128873206.584129
5661459971.912600,40763612281.690651,4218710300.793606,41172296530.890472
5673642772.488589,40806601054.647385,4231016346.841093,41215716181.474380
5685838413.666310,40849586186.929314,4243335363.602922,41259132154.461281
5698046894.357990,40892567674.701309,4255667349.980988,41302544445.976868
5710268213.474714,40935545514.128540,4268012304.876031,41345953052.147156
5722502369.926420,40978519701.376564,4280370227.187636,41389357969.098579
5734749362.621905,41021490232.611252,4292741115.814229,41432759192.957794
5747009190.468813,41064457103.998741,4305124969.653082,41476156719.851814
5759281852.373653,41107420311.705582,4317521787.600312,41519550545.908012
5771567347.241783,41150379851.898552,4329931568.550878,41562940667.254066
5783865673.977416,41193335720.744850,4342354311.398583,41606327080.017998
5796176831.483624,41236287914.411942,4354790015.036080,41649709780.328133
5808500818.662330,41279236429.067657,4367238678.354856,41693088764.313156
5820837634.414321,41322181260.880127,4379700300.245255,41736464028.102074
5833187277.639225,41365122406.017815,4392174879.596459,41779835567.824219
5845549747.235537,41408059860.649536,4404662415.296498,41823203379.609253
5857925042.100613,41450993620.944405,4417162906.232244,41866567459.587181
5870313161.130651,41493923683.071877,4429676351.289412,41909927803.888336
5882714103.220713,41536850043.201736,4442202749.352566,41953284408.643356
5895127867.264718,41579772697.504112,4454742099.305115,41996637269.983238
5907554452.155438,41622691642.149460,4467294400.029313,42039986384.039291
5919993856.784505,41665606873.308510,4479859650.406257,42083331746.943237
5932446080.042400,41708518387.152420,4492437849.315894,42126673354.827034
5944911120.818471,41751426179.852608,4505028995.637015,42170011203.822975
5957388978.000914,41794330247.580849,4517633088.247256,42213345290.063751
5969879650.476789,41837230586.509254,4530250126.023100,42256675609.682350
5982383137.132009,41880127192.810249,4542880107.839871,42300002158.812111
5994899436.851342,41923020062.656570,4555523032.571746,42343324933.586716
6007428548.518414,41965909192.221382,4568178899.091744,42386643930.140121
6019970471.015715,42008794577.678101,4580847706.271731,42429959144.606705
6032525203.224582,42051676215.200470,4593529452.982423,42473270573.121101
6045092744.025214,42094554100.962624,4606224138.093376,42516578211.818329
6057673092.296671,42137428231.138962,4618931760.472998,42559882056.833748
6070266246.916869,42180298601.904297,4631652318.988539,42603182104.303047
6082872206.762578,42223165209.433723,4644385812.506101,42646478350.362213
6095490970.709428,42266028049.902664,4657132239.890631,42689770791.147636
6108122537.631907,42308887119.486900,4669891600.005917,42733059422.796005
6120766906.403358,42351742414.362556,4682663891.714602,42776344241.444366
6133424075.895987,42394593930.706139,4695449113.878174,42819625243.230103
6146094044.980859,42437441664.694336,4708247265.356965,42862902424.290863
6158776812.527888,42480285612.504333,4721058345.010160,42906175780.764793
6171472377.405860,42523125770.313560,4733882351.695787,42949445308.790237
6184180738.482409,42565962134.299858,4746719284.270722,42992711004.505951
6196901894.624030,42608794700.641335,4759569141.590692,43035972864.050980
6209635844.696082,42651623465.516510,4772431922.510269,43079230883.564766
6222382587.562772,42694448425.104149,4785307625.882873,43122485059.187042
6235142122.087176,42737269575.583450,4798196250.560770,43165735387.057922
6247914447.131227,42780086913.133850,4811097795.395079,43208981863.317886
6260699561.555711,42822900433.935211,4824012259.235765,43252224484.107628
6273497464.220282,42865710134.167747,4836939640.931636,43295463245.568367
6286308153.983449,42908516010.011925,4849879939.330361,43338698143.841507
6299131629.702579,42951318057.648636,4862833153.278445,43381929175.068886
6311967890.233900,42994116273.259056,4875799281.621246,43425156335.392670
6324816934.432497,43036910653.024727,4888778323.202971,43468379620.955345
6337678761.152320,43079701193.127541,4901770276.866676,43511599027.899773
6350553369.246179,43122487889.749695,4914775141.454268,43554814552.369148
6363440757.565739,43165270739.073776,4927792915.806499,43598026190.506966
6376340924.961530,43208049737.282700,4940823598.762972,43641233938.457130
6389253870.282931,43250824880.559700,4953867189.162135,43684437792.363884
6402179592.378191,43293596165.088387,4966923685.841294,43727637748.371780
6415118090.094425,43336363587.052673,4979993087.636598,43770833802.625755
6428069362.277598,43379127142.636925,4993075393.383048,43814025951.271072
6441033407.772536,43421886828.025711,5006170601.914495,43857214190.453331
6454010225.422932,43464642639.404007,5019278712.063639,43900398516.318512
6466999814.071335,43507394572.957138,5032399722.662023,43943578925.012917
6480002172.559156,43550142624.870766,5045533632.540048,43986755412.683189
6493017299.726666,43592886791.330894,5058680440.526969,44029927975.476349
6506045194.412997,43635627068.523911,5071840145.450885,44073096609.539749
6519085855.456144,43678363452.636490,5085012746.138738,44116261311.021111
6532139281.692968,43721095939.855705,5098198241.416334,44159422076.068474
6545205471.959181,43763824526.368919,5111396630.108323,44202578900.830231
6558284425.089362,43806549208.363914,5124607911.038205,44245731781.455124
6571376139.916951,43849269982.028778,5137832083.028331,44288880714.092285
6584480615.274249,43891986843.551941,5151069144.899907,44332025694.891182
6597597849.992420,43934699789.122215,5164319095.472983,44375166720.001595
6610727842.901491,43977408814.928726,5177581933.566467,44418303785.573715
6623870592.830345,44020113917.160957,5190857657.998111,44461436887.758003
6637026098.606732,44062815092.008797,5204146267.584521,44504566022.705383
6650194359.057266,44105512335.662392,5217447761.141157,44547691186.566994
6663375373.007423,44148205644.312279,5230762137.482328,44590812375.494484
6676569139.281534,44190895014.149353,5244089395.421193,44633929585.639709
6689775656.702800,44233580441.364876,5257429533.769770,44677042813.155006
6702994924.093285,44276261922.150421,5270782551.338915,44720152054.192978
6716226940.273911,44318939452.697937,5284148446.938349,44763257304.906624
6729471704.064461,44361613029.199738,5297527219.376637,44806358561.449265
6742729214.283589,44404282647.848473,5310918867.461199,44849455819.974594
6755999469.748807,44446948304.837151,5324323389.998310,44892549076.636681
6769282469.276488,44489609996.359116,5337740785.793094,44935638327.589882
6782578211.681880,44532267718.608047,5351171053.649522,44978723568.989029
6795886695.779078,44574921467.778030,5364614192.370427,45021804796.989182
6809207920.381052,44617571240.063499,5378070200.757490,45064882007.745850
6822541884.299627,44660217031.659225,5391539077.611244,45107955197.414848
6835888586.345501,44702858838.760361,5405020821.731081,45151024362.152367
6849248025.328231,44745496657.562332,5418515431.915236,45194089498.114975
6862620200.056236,44788130484.261017,5432022906.960803,45237150601.459557
6876005109.336801,44830760315.052589,5445543245.663729,45280207668.343391
6889402751.976074,44873386146.133591,5459076446.818811,45323260694.924103
6902813126.779072,44916007973.700974,5472622509.219702,45366309677.359673
6916236232.549672,44958625793.951958,5486181431.658906,45409354611.808403
6929672068.090615,45001239603.084160,5499753212.927786,45452395494.429047
6943120632.203506,45043849397.295578,5513337851.816558,45495432321.380661
6956581923.688821,45086455172.784554,5526935347.114279,45538465088.822662
6970055941.345889,45129056925.749794,5540545697.608878,45581493792.914810
6983542683.972914,45171654652.390312,5554168902.087127,45624518429.817284
6997042150.366963,45214248348.905548,5567804959.334655,45667538995.690575
7010554339.323967,45256838011.495277,5581453868.135942,45710555486.695549
7024079249.638717,45299423636.359619,5595115627.274327,45753567898.993408
7037616880.104878,45342005219.699051,5608790235.532003,45796576228.745796
7051167229.514974,45384582757.714424,5622477691.690010,45839580472.114655
7064730296.660403,45427156246.606979,5636177994.528254,45882580625.262306
7078306080.331416,45469725682.578278,5649891142.825488,45925576684.351418
7091894579.317144,45512291061.830261,5663617135.359324,45968568645.545052
7105495792.405570,45554852380.565208,5677355970.906226,46011556505.006607
7119109718.383548,45597409634.985809,5691107648.241511,46054540258.899872
7132736356.036806,45639962821.295029,5704872166.139357,46097519903.388962
7146375704.149926,45682511935.696304,5718649523.372795,46140495434.638428
7160027761.506364,45725056974.393341,5732439718.713709,46183466848.813095
7173692526.888439,45767597933.590279,5746242750.932838,46226434142.078239
7187369999.077337,45810134809.491585,5760058618.799784,46269397310.599457
7201060176.853110,45852667598.302094,5773887321.082994,46312356350.542725
7214763058.994678,45895196296.226982,5787728856.549778,46355311258.074318
7228478644.279826,45937720899.471840,5801583223.966304,46398262029.361008
7242206931.485208,45980241404.242577,5815450422.097588,46441208660.569885
7255947919.386348,46022757806.745529,5829330449.707508,46484151147.868332
7269701606.757629,46065270103.187325,5843223305.558791,46527089487.424194
7283467992.372307,46107778289.774986,5857128988.413034,46570023675.405640
7297247075.002501,46150282362.715935,5871047497.030680,46612953707.981201
7311038853.419203,46192782318.217949,5884978830.171026,46655879581.319809
7324843326.392273,46235278152.489105,5898922986.592234,46698801291.590782
7338660492.690432,46277769861.737915,5912879965.051316,46741718834.963753
7352490351.081270,46320257442.173248,5926849764.304151,46784632207.608742
7366332900.331255,46362740890.004349,5940832383.105461,46827541405.696144
7380188139.205707,46405220201.440804,5954827820.208837,46870446425.396729
7394056066.468826,46447695372.692574,5968836074.366720,46913347262.881638
7407936680.883675,46490166399.969994,5982857144.330411,46956243914.322395
7421829981.212189,46532633279.483803,5996891028.850071,46999136375.890877
7435735966.215167,46575096007.445061,6010937726.674715,47042024643.759369
7449654634.652279,46617554580.065208,6024997236.552212,47084908714.100464
7463585985.282065,46660008993.556053,6039069557.229299,47127788583.087196
7477530016.861931,46702459244.129791,6053154687.451562,47170664246.892914
7491486728.148152,46744905327.998978,6067252625.963447,47213535701.691391
7505456117.895874,46787347241.376556,6081363371.508263,47256402943.656731
7519438184.859112,46829784980.475853,6095486922.828168,47299265968.963440
7533432927.790751,46872218541.510490,6109623278.664188,47342124773.786369
7547440345.442537,46914647920.694557,6123772437.756205,47384979354.300812
7561460436.565098,46957073114.242424,6137934398.842952,47427829706.682381
7575493199.907926,46999494118.368927,6152109160.662029,47470675827.107086
7589538634.219378,47041910929.289215,6166296721.949897,47513517711.751266
7603596738.246687,47084323543.218819,6180497081.441866,47556355356.791702
7617667510.735950,47126731956.373680,6194710237.872113,47599188758.405525
7631750950.432144,47169136164.970078,6208936189.973667,47642017912.770256
7645847056.079111,47211536165.224663,6223174936.478424,47684842816.063751
7659955826.419557,47253931953.354485,6237426476.117136,47727663464.464287
7674077260.195066,47296323525.576950,6251690807.619412,47770479854.150513
7688211356.146087,47338710878.109863,6265967929.713726,47813291981.301445
7702358113.011945,47381094007.171379,6280257841.127409,47856099842.096481
7716517529.530833,47423472908.980049,6294560540.586646,47898903432.715401
7730689604.439813,47465847579.754784,6308876026.816492,47941702749.338371
7744874336.474823,47508218015.714851,6323204298.540856,47984497788.145927
7759071724.370667,47550584213.079994,6337545354.482507,48027288545.318954
7773281766.861017,47592946168.070221,6351899193.363080,48070075017.038811
7787504462.678428,47635303876.905975,6366265813.903061,48112857199.487152
7801739810.554318,47677657335.808052,6380645214.821807,48155635088.846024
7815987809.218977,47720006540.997643,6395037394.837525,48198408681.297867
7830248457.401570,47762351488.696335,6409442352.667291,48241177973.025513
7844521753.830124,47804692175.126038,6423860087.027038,48283942960.212189
7858807697.231547,47847028596.509117,6438290596.631557,48326703639.041481
7873106286.331622,47889360749.068260,6452733880.194509,48369460005.697357
7887417519.854996,47931688629.026543,6467189936.428408,48412212056.364159
7901741396.525188,47974012232.607430,6481658764.044631,48454959787.226601
7916077915.064594,48016331556.034805,6496140361.753420,48497703194.469872
7930427074.194480,48058646595.532890,6510634728.263875,48540442274.279457
7944788872.634987,48100957347.326263,6525141862.283959,48583177022.841225
7959163309.105124,48143263807.639938,6539661762.520495,48625907436.341492
7973550382.322777,48185565972.699287,6554194427.679172,48668633510.966904
7987950091.004701,48227863838.730103,6568739856.464533,48711355242.904510
8002362433.866528,48270157401.958488,6583298047.579992,48754072628.341759
8016787409.622761,48312446658.611000,6597868999.727823,48796785663.466423
8031225016.986773,48354731604.914558,6612452711.609159,48839494344.466789
8045675254.670819,48397012237.096428,6627049181.923996,48882198667.531433
8060138121.386012,48439288551.384293,6641658409.371197,48924898628.849304
8074613615.842357,48481560544.006218,6656280392.648478,48967594224.609787
8089101736.748723,48523828211.190666,6670915130.452429,49010285451.002632
8103602482.812848,48566091549.166443,6685562621.478497,49052972304.218010
8118115852.741354,48608350554.162811,6700222864.420991,49095654780.446480
8132641845.239732,48650605222.409378,6714895857.973090,49138332875.878899
8147180459.012343,48692855550.136101,6729581600.826830,49181006586.706612
8161731692.762433,48735101533.573387,6744280091.673109,49223675909.121353
8176295545.192112,48777343168.951996,6758991329.201694,49266340839.315170
8190872015.002372,48819580452.503067,6773715312.101209,49309001373.480591
8205461100.893070,48861813380.458176,6788452039.059146,49351657507.810478
8220062801.562945,48904041949.049255,6803201508.761864,49394309238.498093
8234677115.709614,48946266154.508591,6817963719.894580,49436956561.737091
8249304042.029561,48988485993.068954,6832738671.141378,49479599473.721542
8263943579.218146,49030701460.963394,6847526361.185202,49522237970.645866
8278595725.969608,49072912554.425407,6862326788.707866,49564872048.704903
8293260480.977059,49115119269.688889,6877139952.390047,49607501704.093903
8307937842.932488,49157321602.988106,6891965850.911284,49650126933.008469
8322627810.526756,49199519550.557709,6906804482.949985,49692747731.644615
8337330382.449605,49241713108.632736,6921655847.183417,49735364096.198746
8352045557.389647,49283902273.448639,6936519942.287718,49777976022.867699
8366773334.034371,49326087041.241264,6951396766.937883,49820583507.848633
8381513711.070149,49368267408.246819,6966286319.807781,49863186547.339172
8396266687.182218,49410443370.701958,6981188599.570142,49905785137.537292
8411032261.054697,49452614924.843643,6996103604.896560,49948379274.641380
8425810431.370582,49494782066.909317,7011031334.457499,49990968954.850189
8440601196.811742,49536944793.136757,7025971786.922281,50033554174.362900
8455404556.058930,49579103099.764145,7040924960.959101,50076134929.379105
8470220507.791768,49621256983.030083,7055890855.235015,50118711216.098785
8485049050.688754,49663406439.173553,7070869468.415948,50161283030.722267
8499890183.427266,49705551464.433914,7085860799.166695,50203850369.450356
8514743904.683560,49747692055.050949,7100864846.150905,50246413228.484192
8529610213.132769,49789828207.264809,7115881608.031102,50288971604.025330
8544489107.448902,49831959917.316063,7130911083.468678,50331525492.275726
8559380586.304846,49874087181.445671,7145953271.123888,50374074889.437744
8574284648.372363,49916209995.894974,7161008169.655852,50416619791.714149
8589201292.322093,49958328356.905739,7176075777.722560,50459160195.308083
8604130516.823557,50000442260.720093,7191156093.980865,50501696096.423134
8619072320.545151,50042551703.580574,7206249117.086496,50544227491.263229
8634026702.154158,50084656681.730133,7221354845.694038,50586754376.032753
8648993660.316723,50126757191.412132,7236473278.456947,50629276746.936432
8663973193.697878,50168853228.870270,7251604414.027551,50671794600.179428
8678965300.961529,50210944790.348694,7266748251.057039,50714307931.967316
8693969980.770472,50253031872.091934,7281904788.195471,50756816738.506050
8708987231.786367,50295114470.344955,7297074024.091774,50799321016.002014
8724017052.669764,50337192581.353065,7312255957.393743,50841820760.661934
8739059442.080086,50379266201.361984,7327450586.748046,50884315968.693024
8754114398.675636,50421335326.617882,7342657910.800208,50926806636.302841
8769181921.113596,50463399953.367294,7357877928.194633,50969292759.699371
8784262008.050020,50505460077.857132,7373110637.574586,51011774335.090988
8799354658.139853,50547515696.334732,7388356037.582202,51054251358.686508
8814459870.036911,50589566805.047821,7403614126.858484,51096723826.695061
8829577642.393900,50631613400.244568,7418884904.043310,51139191735.326309
8844707973.862394,50673655478.173508,7434168367.775418,51181655080.790199
8859850863.092844,50715693035.083611,7449464516.692425,51224113859.297173
8875006308.734591,50757726067.224167,7464773349.430805,51266568067.058037
8890174309.435862,50799754570.844978,7480094864.625909,51309017700.283981
8905354863.843752,50841778542.196190,7495429060.911959,51351462755.186676
8920547970.604239,50883797977.528366,7510775936.922039,51393903227.978127
8935753628.362181,50925812873.092484,7526135491.288107,51436339114.870766
8950971835.761316,50967823225.139877,7541507722.640990,51478770412.077454
8966202591.444267,51009829029.922333,7556892629.610384,51521197115.811462
8981445894.052528,51051830283.692032,7572290210.824859,51563619222.286446
8996701742.226486,51093826982.701546,7587700464.911850,51606036727.716492
9011970134.605400,51135819123.203911,7603123390.497662,51648449628.316063
9027251069.827414,51177806701.452469,7618558986.207476,51690857920.300056
9042544546.529551,51219789713.701073,7634007250.665336,51733261599.883766
9057850563.347715,51261768156.203911,7649468182.494162,51775660663.282890
9073169118.916693,51303742025.215591,7664941780.315737,51818055106.713585
9088500211.870155,51345711316.991180,7680428042.750726,51860444926.392372
9103843840.840647,51387676027.786095,7695926968.418662,51902830118.536209
9119200004.459612,51429636153.856163,7711438555.937941,51945210679.362404
9134568701.357359,51471591691.457657,7726962803.925838,51987586605.088745
9149949930.163086,51513542636.847221,7742499710.998497,52029957891.933426
9165343689.504856,51555488986.281921,7758049275.770933,52072324536.115036
9180749978.009642,51597430736.019249,7773611496.857038,52114686533.852570
9196168794.303288,51639367882.317101,7789186372.869559,52157043881.365456
9211600137.010519,51681300421.433762,7804773902.420131,52199396574.873520
9227044004.754938,51723228349.627937,7820374084.119255,52241744610.596977
9242500396.159037,51765151663.158775,7835986916.576305,52284087984.756531
9257969309.844185,51807070358.285782,7851612398.399527,52326426693.573242
9273450744.430643,51848984431.268929,7867250528.196033,52368760733.268570
9288944698.537550,51890893878.368568,7882901304.571829,52411090100.064445
9304451170.782928,51932798695.845467,7898564726.131765,52453414790.183174
9319970159.783686,51974698879.960777,7914240791.479578,52495734799.847496
9335501664.155617,52016594426.976143,7929929499.217876,52538050125.280571
9351045682.513380,52058485333.153534,7945630847.948143,52580360762.705933
9366602213.470547,52100371594.755409,7961344836.270730,52622666708.347588
9382171255.639551,52142253208.044571,7977071462.784865,52664967958.429955
9397752807.631712,52184130169.284309,7992810726.088649,52707264509.177826
9413346868.057251,52226002474.738251,8008562624.779054,52749556356.816429
9428953435.525257,52267870120.670486,8024327157.451929,52791843497.571419
9444572508.643705,52309733103.345520,8040104322.701994,52834125927.668884
9460204086.019453,52351591419.028267,8055894119.122845,52876403643.335327
9475848166.258253,52393445063.984062,8071696545.306947,52918676640.797630
9491504747.964735,52435294034.478630,8087511599.845644,52960944916.283127
9507173829.742416,52477138326.778137,8103339281.329152,53003208466.019569
9522855410.193695,52518977937.149155,8119179588.346559,53045467286.235138
9538549487.919859,52560812861.858688,8135032519.485832,53087721373.158394
9554256061.521086,52602643097.174156,8150898073.333812,53129970723.018364
9569975129.596426,52644468639.363388,8166776248.476210,53172215332.044472
9585706690.743824,52686289484.694626,8182667043.497616,53214455196.466568
9601450743.560108,52728105629.436554,8198570456.981490,53256690312.514961
9617207286.640984,52769917069.858238,8214486487.510176,53298920676.420334
9632976318.581059,52811723802.229202,8230415133.664885,53341146284.413795
9648757837.973818,52853525822.819374,8246356394.025702,53383367132.726891
9664551843.411627,52895323127.899094,8262310267.171595,53425583217.591560
9680358333.485754,52937115713.739105,8278276751.680404,53467794535.240234
9696177306.786335,52978903576.610626,8294255846.128843,53510001081.905716
9712008761.902405,53020686712.785255,8310247549.092503,53552202853.821236
9727852697.421875,53062465118.535042,8326251859.145851,53594399847.220436
9743709111.931555,53104238790.132401,8342268774.862230,53636592058.337425
9759578004.017134,53146007723.850250,8358298294.813856,53678779483.406746
9775459372.263187,53187771915.961845,8374340417.571825,53720962118.663277
9791353215.253187,53229531362.740906,8390395141.706111,53763139960.342384
9807259531.569475,53271286060.461624,8406462465.785562,53805313004.679893
9823178319.793299,53313036005.398499,8422542388.377899,53847481247.912010
9839109578.504782,53354781193.826569,8438634908.049725,53889644686.275375
9855053306.282940,53396521622.021225,8454740023.366513,53931803316.007004
9871009501.705671,53438257286.258301,8470857732.892627,53973957133.344475
9886978163.349771,53479988182.814072,8486988035.191293,54016106134.525642
9902959289.790918,53521714307.965195,8503130928.824622,54058250315.788925
9918952879.603674,53563435657.988823,8519286412.353600,54100389673.373070
9934958931.361496,53605152229.162483,8535454484.338091,54142524203.517281
9950977443.636728,53646864017.764137,8551635143.336842,54184653902.461189
9967008415.000605,53688571020.072174,8567828387.907468,54226778766.444855
9983051844.023228,53730273232.365425,8584034216.606465,54268898791.708839
9999107729.273624,53771970650.923103,8600252627.989210,54311013974.494011
10015176069.319691,53813663272.024872,8616483620.609959,54353124311.041786
10031256862.728207,53855351091.950890,8632727193.021843,54395229797.593903
10036619894.363712,53869245964.355385,8638144512.418041,54409263881.351624
